<?xml version="1.0" encoding="UTF-8"?> 
<project>                                  
  <executable name="PWM_Drawer.elf">                 
    <memory name="program">              
      <units>bytes</units>                 
      <length>32768</length>                 
      <used>7062</used>                     
      <free>25706</free>                     
    </memory>                              
    <memory name="data">                 
      <units>bytes</units>                 
      <length>2048</length>                 
      <used>5</used>                     
      <free>2043</free>                     
    </memory>                              
  </executable>                            
</project>                                 
